<?xml version="1.0" encoding="utf-8"?>
<!DOCTYPE hibernate-mapping PUBLIC "-//Hibernate/Hibernate Mapping DTD 3.0//EN"
"http://hibernate.sourceforge.net/hibernate-mapping-3.0.dtd">
<!-- 
    Mapping file autogenerated by MyEclipse Persistence Tools
-->
<hibernate-mapping>
    <class name="musicpower.entity.User" table="t_user" catalog="music">
        <id name="TUserId" type="java.lang.Integer">
            <column name="t_user_id" />
            <generator class="identity"></generator>
        </id>
        <property name="nickname" type="java.lang.String">
            <column name="nickname" length="8" not-null="false" />
        </property>
        <property name="username" type="java.lang.String">
            <column name="username" length="16" not-null="true" />
        </property>
        <property name="password" type="java.lang.String">
            <column name="password" length="16" not-null="true" />
        </property>
        <property name="sex" type="java.lang.String">
            <column name="sex" length="1" />
        </property>
        <property name="address" type="java.lang.String">
            <column name="address" length="45" />
        </property>
        <property name="usyn" type="java.lang.String">
            <column name="usyn" length="5" />
        </property>
        <property name="introduce" type="java.lang.String">
            <column name="introduce" />
        </property>
        <property name="time" type="java.sql.Timestamp">
            <column name="time" length="19" />
        </property>
        <property name="phonenumber" type="java.lang.String">
            <column name="phonenumber" length="15" not-null="true" />
        </property>
    </class>
</hibernate-mapping>
